id;data_inversa;dia_semana;horario;uf;br;km;municipio;causa_acidente;tipo_acidente;classificacao_acidente;fase_dia
717993;13/06/2010;Domingo;01:00:00;RJ;101;307.5;SAO GONCALO;Outras;Atropelamento de animal;Com Vitimas Feridas;Plena noite
718000;13/06/2010;Domingo;01:00:00;RJ;101;307.0;SAO GONCALO;Animais na Pista;Atropelamento de animal;Sem Vitimas;Plena noite
718177;13/06/2010;Domingo;11:30:00;RJ;101;314.0;SAO GONCALO;Desobediencia a sinalizacao;Colisao frontal;Sem Vitimas;Pleno dia
718745;13/06/2010;Domingo;00:20:00;RJ;101;324.0;NITEROI;Ingestao de alcool;Colisao traseira;Sem Vitimas;Plena noite
718839;10/06/2010;Quinta;06:34:00;RJ;101;330.0;RIO DE JANEIRO;Outras;Colisao traseira;Sem Vitimas;Pleno dia
718947;14/06/2010;Segunda;09:20:00;RJ;101;333.0;RIO DE JANEIRO;Outras;Colisao traseira;Sem Vitimas;Pleno dia
718960;10/06/2010;Quinta;21:12:00;RJ;101;331.0;NITEROI;Ingestao de alcool;Colisao com objeto movel;Com Vitimas Feridas;Plena noite
718968;14/06/2010;Segunda;23:10:00;RJ;101;321.0;NITEROI;Outras;Colisao com objeto fixo;Sem Vitimas;Plena noite
719061;15/06/2010;Terca;06:50:00;RJ;101;319.0;SAO GONCALO;Outras;Colisao lateral;Sem Vitimas;Pleno dia
719088;11/06/2010;Sexta;20:30:00;RJ;101;319.0;SAO GONCALO;Falta de atencao;Colisao traseira;Sem Vitimas;Plena noite
719156;14/06/2010;Segunda;18:00:00;RJ;101;308.0;SAO GONCALO;Falta de atencao;Colisao traseira;Com Vitimas Feridas;Pleno dia
719175;15/06/2010;Terca;13:30:00;RJ;101;322.0;NITEROI;Outras;Colisao traseira;Sem Vitimas;Pleno dia
719207;15/06/2010;Terca;13:50:00;RJ;101;322.0;NITEROI;Falta de atencao;Colisao lateral;Sem Vitimas;Pleno dia
719235;15/06/2010;Terca;15:00:00;RJ;101;322.0;NITEROI;Outras;Atropelamento de pessoa;Com Vitimas Feridas;Pleno dia
719247;14/06/2010;Segunda;08:00:00;RJ;101;314.0;SAO GONCALO;Falta de atencao;Colisao traseira;Sem Vitimas;Pleno dia
719410;12/06/2010;Sabado;11:00:00;RJ;101;311.0;SAO GONCALO;Outras;Colisao traseira;Sem Vitimas;Pleno dia
719831;16/06/2010;Quarta;18:30:00;RJ;101;320.0;NITEROI;Nao guardar distancia de seguranca;Colisao lateral;Sem Vitimas;Plena noite
719847;16/06/2010;Quarta;20:00:00;RJ;101;322.0;NITEROI;Outras;Capotamento;Sem Vitimas;Plena noite
719900;16/06/2010;Quarta;21:20:00;RJ;101;322.0;NITEROI;Defeito mecanico em veiculo;Colisao traseira;Sem Vitimas;Plena noite
719975;17/06/2010;Quinta;00:05:00;RJ;101;318.0;SAO GONCALO;Outras;Saida de Pista;Sem Vitimas;Plena noite
720065;17/06/2010;Quinta;06:04:00;RJ;101;307.0;SAO GONCALO;Outras;Atropelamento de pessoa;Com Vitimas Fatais;Amanhecer
720099;17/06/2010;Quinta;09:15:00;RJ;101;320.0;NITEROI;Falta de atencao;Colisao traseira;Sem Vitimas;Pleno dia
720261;17/06/2010;Quinta;16:50:00;RJ;101;321.0;NITEROI;Falta de atencao;Colisao traseira;Sem Vitimas;Pleno dia
720286;17/06/2010;Quinta;15:30:00;RJ;101;319.0;SAO GONCALO;Outras;Colisao lateral;Sem Vitimas;Pleno dia
720323;17/06/2010;Quinta;18:50:00;RJ;101;322.0;NITEROI;Outras;Colisao lateral;Sem Vitimas;Plena noite
720335;17/06/2010;Quinta;18:30:00;RJ;101;320.0;NITEROI;Nao guardar distancia de seguranca;Colisao traseira;Sem Vitimas;Plena noite
720343;17/06/2010;Quinta;20:20:00;RJ;101;322.0;NITEROI;Outras;Colisao lateral;Sem Vitimas;Plena noite
720423;14/06/2010;Segunda;04:40:00;RJ;101;323.0;NITEROI;Outras;Colisao traseira;Sem Vitimas;Amanhecer
720555;18/06/2010;Sexta;08:00:00;RJ;101;314.0;SAO GONCALO;Outras;Colisao frontal;Com Vitimas Feridas;Pleno dia
720594;18/06/2010;Sexta;08:20:00;RJ;101;319.0;NITEROI;Falta de atencao;Colisao traseira;Sem Vitimas;Pleno dia
720928;18/06/2010;Sexta;19:00:00;RJ;101;323.0;NITEROI;Outras;Colisao traseira;Com Vitimas Feridas;Plena noite
720997;18/06/2010;Sexta;18:50:00;RJ;101;306.0;SAO GONCALO;Falta de atencao;Colisao traseira;Sem Vitimas;Anoitecer
721239;18/06/2010;Sexta;05:45:00;RJ;101;330.0;RIO DE JANEIRO;Outras;Colisao com objeto fixo;Sem Vitimas;Plena noite
721293;19/06/2010;Sabado;16:00:00;RJ;101;320.0;NITEROI;Nao guardar distancia de seguranca;Colisao lateral;Sem Vitimas;Pleno dia
721546;20/06/2010;Domingo;06:40:00;RJ;101;330.0;RIO DE JANEIRO;Dormindo;Colisao com objeto fixo;Sem Vitimas;Pleno dia
721824;21/06/2010;Segunda;00:05:00;RJ;101;303.0;SAO GONCALO;Outras;Queda de motocicleta / bicicleta / veiculo;Com Vitimas Feridas;Plena noite
722118;21/06/2010;Segunda;07:00:00;RJ;101;317.0;SAO GONCALO;Ingestao de alcool;Saida de Pista;Sem Vitimas;Pleno dia
722515;10/02/2010;Quarta;03:45:00;RJ;101;304.0;SAO GONCALO;Falta de atencao;Colisao traseira;Com Vitimas Feridas;Plena noite
722536;22/06/2010;Terca;08:50:00;RJ;101;330.0;NITEROI;Falta de atencao;Colisao traseira;Sem Vitimas;Pleno dia
722788;22/06/2010;Terca;18:40:00;RJ;101;322.0;NITEROI;Outras;Colisao lateral;Sem Vitimas;Plena noite
722918;22/06/2010;Terca;09:00:00;RJ;101;319.0;NITEROI;Outras;Colisao lateral;Sem Vitimas;Pleno dia
722976;23/06/2010;Quarta;02:10:00;RJ;101;316.0;SAO GONCALO;Outras;Colisao traseira;Com Vitimas Feridas;Plena noite
723267;23/06/2010;Quarta;17:00:00;RJ;101;322.0;NITEROI;Falta de atencao;Colisao traseira;Sem Vitimas;Plena noite
723649;24/06/2010;Quinta;12:10:00;RJ;101;322.0;NITEROI;Outras;Colisao traseira;Com Vitimas Feridas;Pleno dia
723789;24/06/2010;Quinta;16:20:00;RJ;101;321.0;NITEROI;Outras;Colisao lateral;Sem Vitimas;Pleno dia
724371;25/06/2010;Sexta;19:30:00;RJ;101;310.5;SAO GONCALO;Outras;Colisao traseira;Com Vitimas Feridas;Plena noite
724526;26/06/2010;Sabado;06:10:00;RJ;101;306.0;SAO GONCALO;Outras;Saida de Pista;Sem Vitimas;Amanhecer
724765;26/06/2010;Sabado;16:30:00;RJ;101;325.0;RIO DE JANEIRO;Falta de atencao;Colisao traseira;Sem Vitimas;Pleno dia
724806;23/06/2010;Quarta;05:15:00;RJ;101;321.0;NITEROI;Outras;Queda de motocicleta / bicicleta / veiculo;Com Vitimas Feridas;Amanhecer
724837;26/06/2010;Sabado;08:30:00;RJ;101;325.0;NITEROI;Outras;Colisao lateral;Sem Vitimas;Pleno dia
725137;27/06/2010;Domingo;16:44:00;RJ;101;330.0;RIO DE JANEIRO;Outras;Colisao traseira;Sem Vitimas;Pleno dia
725166;15/06/2010;Terca;15:00:00;RJ;101;322.0;NITEROI;Outras;Colisao lateral;Sem Vitimas;Pleno dia
725343;28/06/2010;Segunda;06:30:00;RJ;101;310.0;SAO GONCALO;Outras;Colisao traseira;Sem Vitimas;Pleno dia
725378;28/06/2010;Segunda;08:00:00;RJ;101;317.0;SAO GONCALO;Falta de atencao;Colisao traseira;Sem Vitimas;Pleno dia
725422;11/05/2010;Terca;22:00:00;RJ;101;312.0;SAO GONCALO;Outras;Colisao com objeto fixo;Sem Vitimas;Plena noite
725454;28/06/2010;Segunda;10:50:00;RJ;101;327.0;NITEROI;Defeito mecanico em veiculo;Colisao traseira;Sem Vitimas;Pleno dia
725556;28/06/2010;Segunda;14:30:00;RJ;101;324.0;NITEROI;Nao guardar distancia de seguranca;Colisao traseira;Com Vitimas Feridas;Pleno dia
725662;28/06/2010;Segunda;15:40:00;RJ;101;320.0;NITEROI;Outras;Colisao traseira;Sem Vitimas;Pleno dia
726198;29/06/2010;Terca;19:15:00;RJ;101;324.0;NITEROI;Falta de atencao;Colisao traseira;Sem Vitimas;Plena noite
726353;30/06/2010;Quarta;06:40:00;RJ;101;330.0;RIO DE JANEIRO;Outras;Colisao lateral;Sem Vitimas;Amanhecer
726423;05/05/2010;Quarta;20:47:00;RJ;101;333.0;RIO DE JANEIRO;Outras;Colisao traseira;Sem Vitimas;Plena noite
726565;30/06/2010;Quarta;16:00:00;RJ;101;310.0;SAO GONCALO;Outras;Colisao traseira;Sem Vitimas;Pleno dia
726633;30/06/2010;Quarta;17:21:00;RJ;101;313.0;SAO GONCALO;Outras;Colisao com objeto fixo;Com Vitimas Feridas;Pleno dia
726750;30/06/2010;Quarta;20:13:00;RJ;101;322.0;NITEROI;Outras;Colisao traseira;Sem Vitimas;Plena noite
726835;23/02/2010;Terca;16:30:00;RJ;101;322.0;NITEROI;Outras;Colisao traseira;Sem Vitimas;Pleno dia
726848;29/06/2010;Terca;10:35:00;RJ;101;333.0;RIO DE JANEIRO;Outras;Colisao traseira;Com Vitimas Feridas;Pleno dia
726918;01/07/2010;Quinta;07:30:00;RJ;101;319.0;NITEROI;Outras;Atropelamento de pessoa;Com Vitimas Feridas;Pleno dia
727182;01/07/2010;Quinta;19:20:00;RJ;101;319.0;SAO GONCALO;Outras;Colisao traseira;Sem Vitimas;Plena noite
727415;02/07/2010;Sexta;11:00:00;RJ;101;326.0;NITEROI;Outras;Colisao lateral;Com Vitimas Feridas;Pleno dia
727422;02/07/2010;Sexta;10:35:00;RJ;101;299.9;SAO GONCALO;Outras;Colisao traseira;Sem Vitimas;Pleno dia
727547;02/07/2010;Sexta;16:00:00;RJ;101;316.5;SAO GONCALO;Outras;Capotamento;Sem Vitimas;Pleno dia
727556;26/06/2010;Sabado;15:00:00;RJ;101;322.0;NITEROI;Outras;Colisao lateral;Sem Vitimas;Pleno dia
727583;02/07/2010;Sexta;18:00:00;RJ;101;314.0;SAO GONCALO;Ingestao de alcool;Colisao traseira;Com Vitimas Feridas;Plena noite
727664;02/07/2010;Sexta;18:38:00;RJ;101;318.0;SAO GONCALO;Outras;Colisao frontal;Com Vitimas Feridas;Plena noite
727807;03/07/2010;Sabado;06:04:00;RJ;101;334.0;RIO DE JANEIRO;Falta de atencao;Colisao traseira;Sem Vitimas;Amanhecer
727967;03/07/2010;Sabado;12:20:00;RJ;101;323.0;NITEROI;Falta de atencao;Colisao traseira;Sem Vitimas;Pleno dia
728067;19/06/2010;Sabado;16:30:00;RJ;101;321.0;NITEROI;Outras;Colisao traseira;Sem Vitimas;Pleno dia
728304;30/06/2010;Quarta;18:30:00;RJ;101;325.0;NITEROI;Falta de atencao;Colisao traseira;Sem Vitimas;Plena noite
728428;04/07/2010;Domingo;18:30:00;RJ;101;307.0;SAO GONCALO;Outras;Colisao traseira;Sem Vitimas;Pleno dia
728491;04/07/2010;Domingo;20:40:00;RJ;101;322.0;NITEROI;Nao guardar distancia de seguranca;Colisao traseira;Sem Vitimas;Plena noite
728608;01/07/2010;Quinta;23:59:00;RJ;101;321.0;NITEROI;Falta de atencao;Colisao lateral;Sem Vitimas;Plena noite
728609;01/07/2010;Quinta;10:59:00;RJ;101;330.0;RIO DE JANEIRO;Outras;Colisao traseira;Com Vitimas Feridas;Pleno dia
728739;05/07/2010;Segunda;07:00:00;RJ;101;334.0;RIO DE JANEIRO;Falta de atencao;Colisao traseira;Sem Vitimas;Pleno dia
728773;05/07/2010;Segunda;08:50:00;RJ;101;317.0;NITEROI;Outras;Colisao traseira;Sem Vitimas;Pleno dia
728939;05/07/2010;Segunda;16:00:00;RJ;101;323.0;NITEROI;Falta de atencao;Colisao traseira;Sem Vitimas;Pleno dia
729077;05/07/2010;Segunda;23:24:00;RJ;101;322.0;NITEROI;Velocidade incompativel;Colisao lateral;Sem Vitimas;Plena noite
729201;06/07/2010;Terca;07:15:00;RJ;101;325.0;NITEROI;Nao guardar distancia de seguranca;Colisao traseira;Sem Vitimas;Pleno dia
729221;06/07/2010;Terca;08:35:00;RJ;101;329.0;RIO DE JANEIRO;Nao guardar distancia de seguranca;Colisao traseira;Com Vitimas Feridas;Pleno dia
729242;06/07/2010;Terca;08:10:00;RJ;101;332.0;NITEROI;Outras;Colisao traseira;Sem Vitimas;Pleno dia
729276;06/07/2010;Terca;11:41:00;RJ;101;320.0;NITEROI;Outras;Colisao lateral;Sem Vitimas;Pleno dia
729302;06/07/2010;Terca;12:45:00;RJ;101;326.0;NITEROI;Outras;Colisao traseira;Com Vitimas Feridas;Pleno dia
729446;06/07/2010;Terca;19:30:00;RJ;101;322.0;NITEROI;Outras;Colisao com objeto movel;Sem Vitimas;Plena noite
729573;06/07/2010;Terca;22:30:00;RJ;101;315.0;SAO GONCALO;Outras;Colisao frontal;Com Vitimas Fatais;Plena noite
729644;06/07/2010;Terca;17:50:00;RJ;101;333.0;RIO DE JANEIRO;Nao guardar distancia de seguranca;Colisao lateral;Com Vitimas Feridas;Anoitecer
729746;07/07/2010;Quarta;07:00:00;RJ;101;319.0;RIO DE JANEIRO;Outras;Colisao traseira;Sem Vitimas;Pleno dia
729893;07/07/2010;Quarta;16:00:00;RJ;101;321.0;NITEROI;Outras;Colisao com objeto fixo;Sem Vitimas;Pleno dia
729985;07/07/2010;Quarta;19:00:00;RJ;101;322.0;NITEROI;Falta de atencao;Colisao traseira;Sem Vitimas;Plena noite
730141;08/07/2010;Quinta;08:00:00;RJ;101;302.0;SAO GONCALO;Outras;Capotamento;Com Vitimas Feridas;Pleno dia
730325;08/07/2010;Quinta;16:45:00;RJ;101;326.0;NITEROI;Outras;Colisao lateral;Sem Vitimas;Pleno dia
730356;08/07/2010;Quinta;08:01:00;RJ;101;329.0;RIO DE JANEIRO;Outras;Colisao com objeto fixo;Sem Vitimas;Pleno dia
730357;08/07/2010;Quinta;17:00:00;RJ;101;324.0;NITEROI;Outras;Colisao traseira;Sem Vitimas;Anoitecer
730445;08/07/2010;Quinta;20:45:00;RJ;101;331.0;RIO DE JANEIRO;Nao guardar distancia de seguranca;Colisao traseira;Com Vitimas Feridas;Plena noite
730704;08/07/2010;Quinta;06:50:00;RJ;101;299.0;SAO GONCALO;Outras;Capotamento;Com Vitimas Feridas;Pleno dia
730755;06/07/2010;Terca;03:20:00;RJ;101;311.0;SAO GONCALO;Animais na Pista;Atropelamento de animal;Sem Vitimas;Plena noite
730779;06/07/2010;Terca;03:20:00;RJ;101;311.0;SAO GONCALO;Animais na Pista;Atropelamento de animal;Sem Vitimas;Plena noite
730780;05/07/2010;Segunda;18:00:00;RJ;101;319.0;SAO GONCALO;Outras;Colisao traseira;Sem Vitimas;Plena noite
730845;09/07/2010;Sexta;18:15:00;RJ;101;323.0;NITEROI;Outras;Queda de motocicleta / bicicleta / veiculo;Com Vitimas Feridas;Plena noite
730867;07/07/2010;Quarta;10:00:00;RJ;101;334.0;RIO DE JANEIRO;Outras;Colisao traseira;Sem Vitimas;Pleno dia
730874;09/07/2010;Sexta;18:45:00;RJ;101;334.0;RIO DE JANEIRO;Falta de atencao;Colisao traseira;Sem Vitimas;Plena noite
731367;10/07/2010;Sabado;17:40:00;RJ;101;324.0;NITEROI;Outras;Colisao traseira;Com Vitimas Feridas;Anoitecer
731397;10/07/2010;Sabado;17:15:00;RJ;101;334.0;RIO DE JANEIRO;Nao guardar distancia de seguranca;Colisao lateral;Sem Vitimas;Anoitecer
731875;11/07/2010;Domingo;13:30:00;RJ;101;322.0;NITEROI;Falta de atencao;Colisao lateral;Com Vitimas Feridas;Pleno dia
731900;11/07/2010;Domingo;18:00:00;RJ;101;308.0;SAO GONCALO;Outras;Colisao lateral;Sem Vitimas;Plena noite
732176;12/07/2010;Segunda;07:35:00;RJ;101;316.0;SAO GONCALO;Outras;Colisao lateral;Com Vitimas Feridas;Pleno dia
732180;12/07/2010;Segunda;09:10:00;RJ;101;319.0;SAO GONCALO;Outras;Colisao traseira;Sem Vitimas;Pleno dia
732485;12/07/2010;Segunda;08:10:00;RJ;101;307.0;SAO GONCALO;Outras;Colisao traseira;Sem Vitimas;Pleno dia
732626;09/07/2010;Sexta;05:00:00;RJ;101;308.0;SAO GONCALO;Outras;Colisao traseira;Com Vitimas Feridas;Plena noite
732671;23/06/2010;Quarta;15:30:00;RJ;101;325.0;NITEROI;Nao guardar distancia de seguranca;Colisao traseira;Sem Vitimas;Pleno dia
732672;09/07/2010;Sexta;07:20:00;RJ;101;316.0;SAO GONCALO;Outras;Colisao lateral;Com Vitimas Feridas;Pleno dia
732933;13/07/2010;Terca;16:55:00;RJ;101;306.0;SAO GONCALO;Outras;Danos Eventuais;Com Vitimas Feridas;Pleno dia
733014;09/07/2010;Sexta;05:45:00;RJ;101;307.5;SAO GONCALO;Outras;Colisao traseira;Sem Vitimas;Amanhecer
733143;14/07/2010;Quarta;01:09:00;RJ;101;327.0;NITEROI;Outras;Colisao lateral;Sem Vitimas;Plena noite
733190;14/07/2010;Quarta;05:45:00;RJ;101;330.0;RIO DE JANEIRO;Outras;Colisao traseira;Com Vitimas Feridas;Amanhecer
733212;10/07/2010;Sabado;06:00:00;RJ;101;309.0;SAO GONCALO;Outras;Colisao traseira;Sem Vitimas;Amanhecer
733214;14/07/2010;Quarta;06:19:00;RJ;101;322.0;NITEROI;Outras;Colisao traseira;Com Vitimas Feridas;Amanhecer
733285;14/07/2010;Quarta;08:30:00;RJ;101;333.0;RIO DE JANEIRO;Outras;Colisao traseira;Sem Vitimas;Pleno dia
733396;14/07/2010;Quarta;12:10:00;RJ;101;319.0;NITEROI;Outras;Colisao lateral;Sem Vitimas;Pleno dia
733516;14/07/2010;Quarta;18:45:00;RJ;101;320.0;NITEROI;Outras;Colisao traseira;Sem Vitimas;Plena noite
733548;14/07/2010;Quarta;17:45:00;RJ;101;322.0;NITEROI;Outras;Colisao traseira;Sem Vitimas;Anoitecer
733567;14/07/2010;Quarta;20:30:00;RJ;101;326.0;NITEROI;Nao guardar distancia de seguranca;Colisao traseira;Sem Vitimas;Plena noite
733644;14/07/2010;Quarta;21:00:00;RJ;101;332.0;RIO DE JANEIRO;Outras;Colisao lateral;Com Vitimas Feridas;Plena noite
733658;14/07/2010;Quarta;23:00:00;RJ;101;321.0;NITEROI;Outras;Colisao traseira;Sem Vitimas;Plena noite
733770;15/07/2010;Quinta;07:20:00;RJ;101;307.0;SAO GONCALO;Dormindo;Colisao traseira;Sem Vitimas;Pleno dia
733783;15/07/2010;Quinta;08:10:00;RJ;101;312.0;SAO GONCALO;Falta de atencao;Colisao com objeto fixo;Sem Vitimas;Amanhecer
733862;14/07/2010;Quarta;22:40:00;RJ;101;334.0;RIO DE JANEIRO;Nao guardar distancia de seguranca;Colisao lateral;Sem Vitimas;Plena noite
733884;17/06/2010;Quinta;08:09:00;RJ;101;321.0;NITEROI;Outras;Atropelamento de pessoa;Ignorado;Pleno dia
733997;15/07/2010;Quinta;16:15:00;RJ;101;321.0;NITEROI;Falta de atencao;Colisao traseira;Sem Vitimas;Pleno dia
734012;15/07/2010;Quinta;17:00:00;RJ;101;316.0;SAO GONCALO;Falta de atencao;Colisao lateral;Sem Vitimas;Pleno dia
734054;15/07/2010;Quinta;13:11:00;RJ;101;322.0;NITEROI;Outras;Colisao lateral;Sem Vitimas;Pleno dia
734107;15/07/2010;Quinta;09:45:00;RJ;101;319.0;SAO GONCALO;Falta de atencao;Colisao traseira;Com Vitimas Feridas;Pleno dia
734360;16/07/2010;Sexta;08:30:00;RJ;101;307.0;SAO GONCALO;Outras;Colisao traseira;Sem Vitimas;Pleno dia
734562;12/07/2010;Segunda;12:00:00;RJ;101;328.0;RIO DE JANEIRO;Outras;Colisao lateral;Sem Vitimas;Pleno dia
734586;16/07/2010;Sexta;08:35:00;RJ;101;324.0;NITEROI;Falta de atencao;Colisao traseira;Sem Vitimas;Pleno dia
734919;17/07/2010;Sabado;01:30:00;RJ;101;313.0;SAO GONCALO;Defeito na via;Saida de Pista;Sem Vitimas;Plena noite
735346;13/07/2010;Terca;11:15:00;RJ;101;314.0;SAO GONCALO;Falta de atencao;Colisao lateral;Sem Vitimas;Pleno dia
735363;17/07/2010;Sabado;19:00:00;RJ;101;328.0;NITEROI;Outras;Colisao traseira;Sem Vitimas;Plena noite
735548;18/07/2010;Domingo;05:30:00;RJ;101;310.0;SAO GONCALO;Outras;Colisao traseira;Sem Vitimas;Amanhecer
735549;18/07/2010;Domingo;05:40:00;RJ;101;317.0;SAO GONCALO;Outras;Saida de Pista;Com Vitimas Feridas;Amanhecer
735550;15/07/2010;Quinta;17:00:00;RJ;101;321.0;NITEROI;Outras;Colisao traseira;Sem Vitimas;Anoitecer
735706;14/07/2010;Quarta;11:00:00;RJ;101;312.0;SAO GONCALO;Outras;Atropelamento de pessoa;Com Vitimas Fatais;Pleno dia
735750;18/07/2010;Domingo;15:50:00;RJ;101;334.0;RIO DE JANEIRO;Outras;Colisao traseira;Sem Vitimas;Pleno dia
736096;19/07/2010;Segunda;06:30:00;RJ;101;331.0;RIO DE JANEIRO;Falta de atencao;Queda de motocicleta / bicicleta / veiculo;Com Vitimas Feridas;Pleno dia
736226;19/07/2010;Segunda;10:16:00;RJ;101;326.0;NITEROI;Falta de atencao;Colisao traseira;Sem Vitimas;Pleno dia
736314;15/07/2010;Quinta;20:45:00;RJ;101;309.0;SAO GONCALO;Outras;Colisao lateral;Sem Vitimas;Plena noite
736320;19/07/2010;Segunda;08:15:00;RJ;101;321.0;NITEROI;Falta de atencao;Colisao traseira;Sem Vitimas;Pleno dia
736474;19/07/2010;Segunda;18:30:00;RJ;101;321.0;NITEROI;Falta de atencao;Colisao traseira;Sem Vitimas;Plena noite
736602;19/07/2010;Segunda;21:00:00;RJ;101;300.0;SAO GONCALO;Falta de atencao;Atropelamento de pessoa;Com Vitimas Fatais;Plena noite
736819;17/07/2010;Sabado;02:50:00;RJ;101;327.0;NITEROI;Outras;Colisao traseira;Com Vitimas Feridas;Plena noite
736855;16/07/2010;Sexta;22:17:00;RJ;101;333.5;NITEROI;Outras;Colisao lateral;Sem Vitimas;Plena noite
736931;12/07/2010;Segunda;09:20:00;RJ;101;329.0;RIO DE JANEIRO;Outras;Colisao traseira;Sem Vitimas;Pleno dia
736960;12/07/2010;Segunda;20:00:00;RJ;101;327.0;NITEROI;Falta de atencao;Colisao traseira;Sem Vitimas;Plena noite
737043;16/07/2010;Sexta;22:15:00;RJ;101;321.0;NITEROI;Falta de atencao;Colisao com bicicleta;Com Vitimas Feridas;Plena noite
737193;19/07/2010;Segunda;09:20:00;RJ;101;318.0;SAO GONCALO;Outras;Colisao traseira;Com Vitimas Feridas;Pleno dia
737372;21/07/2010;Quarta;14:10:00;RJ;101;322.0;NITEROI;Desobediencia a sinalizacao;Colisao traseira;Sem Vitimas;Pleno dia
737446;20/07/2010;Terca;20:10:00;RJ;101;327.0;NITEROI;Outras;Colisao traseira;Sem Vitimas;Plena noite
737476;21/07/2010;Quarta;17:50:00;RJ;101;308.0;SAO GONCALO;Animais na Pista;Colisao com objeto fixo;Sem Vitimas;Anoitecer
737810;22/07/2010;Quinta;10:45:00;RJ;101;322.0;NITEROI;Outras;Colisao traseira;Sem Vitimas;Pleno dia
737921;22/07/2010;Quinta;15:27:00;RJ;101;333.0;RIO DE JANEIRO;Outras;Colisao traseira;Sem Vitimas;Pleno dia
738061;22/07/2010;Quinta;20:45:00;RJ;101;322.0;NITEROI;Outras;Colisao traseira;Sem Vitimas;Plena noite
738216;23/07/2010;Sexta;05:50:00;RJ;101;322.0;NITEROI;Outras;Colisao traseira;Sem Vitimas;Amanhecer
738339;17/07/2010;Sabado;22:20:00;RJ;101;306.0;SAO GONCALO;Outras;Colisao traseira;Com Vitimas Feridas;Plena noite
738465;23/07/2010;Sexta;16:26:00;RJ;101;325.0;NITEROI;Outras;Colisao lateral;Sem Vitimas;Pleno dia
738490;23/07/2010;Sexta;15:30:00;RJ;101;324.0;NITEROI;Falta de atencao;Colisao traseira;Sem Vitimas;Pleno dia
738593;23/07/2010;Sexta;20:30:00;RJ;101;320.0;NITEROI;Falta de atencao;Colisao traseira;Sem Vitimas;Plena noite
738838;24/07/2010;Sabado;07:50:00;RJ;101;317.0;SAO GONCALO;Dormindo;Saida de Pista;Sem Vitimas;Pleno dia
738865;24/07/2010;Sabado;07:10:00;RJ;101;333.0;RIO DE JANEIRO;Outras;Colisao traseira;Com Vitimas Feridas;Pleno dia
738944;24/07/2010;Sabado;12:45:00;RJ;101;324.0;NITEROI;Outras;Colisao traseira;Sem Vitimas;Pleno dia
738953;24/07/2010;Sabado;15:30:00;RJ;101;326.0;NITEROI;Outras;Colisao traseira;Sem Vitimas;Pleno dia
738976;24/07/2010;Sabado;14:45:00;RJ;101;325.0;NITEROI;Outras;Colisao traseira;Sem Vitimas;Pleno dia
739113;24/07/2010;Sabado;14:21:00;RJ;101;332.0;RIO DE JANEIRO;Outras;Colisao traseira;Sem Vitimas;Pleno dia
739143;24/07/2010;Sabado;17:50:00;RJ;101;321.0;NITEROI;Outras;Colisao traseira;Sem Vitimas;Pleno dia
739265;19/07/2010;Segunda;19:10:00;RJ;101;321.0;NITEROI;Outras;Colisao traseira;Sem Vitimas;Plena noite
739805;26/07/2010;Segunda;09:00:00;RJ;101;311.0;SAO GONCALO;Outras;Colisao traseira;Sem Vitimas;Pleno dia
740024;26/07/2010;Segunda;16:00:00;RJ;101;326.0;NITEROI;Outras;Colisao traseira;Sem Vitimas;Pleno dia
740079;22/07/2010;Quinta;19:00:00;RJ;101;318.0;SAO GONCALO;Outras;Colisao traseira;Sem Vitimas;Plena noite